"FullName","Length","LastWriteTime"
"C:\Users\filip\.gemini\antigravity\scratch\1. PROJETOS\roteiroelismar\outputs\checkpoint-emprestimo-iphone-20260826-061231\project\.env.example","531","23/08/2026 02:36:26"
"C:\Users\filip\.gemini\antigravity\scratch\1. PROJETOS\roteiroelismar\outputs\checkpoint-emprestimo-iphone-20260826-061231\project\.firebaserc","56","02/07/2026 12:52:58"
"C:\Users\filip\.gemini\antigravity\scratch\1. PROJETOS\roteiroelismar\outputs\checkpoint-emprestimo-iphone-20260826-061231\project\.gitignore","84","09/08/2026 20:36:33"
"C:\Users\filip\.gemini\antigravity\scratch\1. PROJETOS\roteiroelismar\outputs\checkpoint-emprestimo-iphone-20260826-061231\project\app.yaml","1088","14/07/2026 13:55:06"
"C:\Users\filip\.gemini\antigravity\scratch\1. PROJETOS\roteiroelismar\outputs\checkpoint-emprestimo-iphone-20260826-061231\project\AUDITORIA_FIREBASE_GCP.md","35521","16/08/2026 13:19:21"
"C:\Users\filip\.gemini\antigravity\scratch\1. PROJETOS\roteiroelismar\outputs\checkpoint-emprestimo-iphone-20260826-061231\project\CHECKLIST_CUSTO_ZERO_FIREBASE.md","10434","23/08/2026 03:37:52"
"C:\Users\filip\.gemini\antigravity\scratch\1. PROJETOS\roteiroelismar\outputs\checkpoint-emprestimo-iphone-20260826-061231\project\Dockerfile","316","14/07/2026 07:51:20"
"C:\Users\filip\.gemini\antigravity\scratch\1. PROJETOS\roteiroelismar\outputs\checkpoint-emprestimo-iphone-20260826-061231\project\documentos.md","15267","25/08/2026 19:48:20"
"C:\Users\filip\.gemini\antigravity\scratch\1. PROJETOS\roteiroelismar\outputs\checkpoint-emprestimo-iphone-20260826-061231\project\firebase.json","464","23/08/2026 02:59:39"
"C:\Users\filip\.gemini\antigravity\scratch\1. PROJETOS\roteiroelismar\outputs\checkpoint-emprestimo-iphone-20260826-061231\project\firestore-debug.log","18817","23/08/2026 06:39:04"
"C:\Users\filip\.gemini\antigravity\scratch\1. PROJETOS\roteiroelismar\outputs\checkpoint-emprestimo-iphone-20260826-061231\project\firestore.indexes.json","44","23/08/2026 04:31:21"
"C:\Users\filip\.gemini\antigravity\scratch\1. PROJETOS\roteiroelismar\outputs\checkpoint-emprestimo-iphone-20260826-061231\project\firestore.rules","1065","22/08/2026 19:33:49"
"C:\Users\filip\.gemini\antigravity\scratch\1. PROJETOS\roteiroelismar\outputs\checkpoint-emprestimo-iphone-20260826-061231\project\index.html","853","09/08/2026 20:27:40"
"C:\Users\filip\.gemini\antigravity\scratch\1. PROJETOS\roteiroelismar\outputs\checkpoint-emprestimo-iphone-20260826-061231\project\metadata.json","310","02/07/2026 12:52:58"
"C:\Users\filip\.gemini\antigravity\scratch\1. PROJETOS\roteiroelismar\outputs\checkpoint-emprestimo-iphone-20260826-061231\project\package-lock.json","243855","22/08/2026 20:06:24"
"C:\Users\filip\.gemini\antigravity\scratch\1. PROJETOS\roteiroelismar\outputs\checkpoint-emprestimo-iphone-20260826-061231\project\package.json","1920","23/08/2026 02:58:24"
"C:\Users\filip\.gemini\antigravity\scratch\1. PROJETOS\roteiroelismar\outputs\checkpoint-emprestimo-iphone-20260826-061231\project\PLANO_CORRECOES_FIREBASE.md","6841","02/08/2026 14:00:25"
"C:\Users\filip\.gemini\antigravity\scratch\1. PROJETOS\roteiroelismar\outputs\checkpoint-emprestimo-iphone-20260826-061231\project\PLANO_SYNC_INCREMENTAL_FIRESTORE.md","12692","23/08/2026 03:34:41"
"C:\Users\filip\.gemini\antigravity\scratch\1. PROJETOS\roteiroelismar\outputs\checkpoint-emprestimo-iphone-20260826-061231\project\README.md","542","02/07/2026 12:52:58"
"C:\Users\filip\.gemini\antigravity\scratch\1. PROJETOS\roteiroelismar\outputs\checkpoint-emprestimo-iphone-20260826-061231\project\regrasdenegocio.md","56665","15/08/2026 04:40:39"
"C:\Users\filip\.gemini\antigravity\scratch\1. PROJETOS\roteiroelismar\outputs\checkpoint-emprestimo-iphone-20260826-061231\project\RELATORIO_TECNICO_IMPLEMENTACAO_FIREBASE_20260823.md","8305","23/08/2026 03:37:53"
"C:\Users\filip\.gemini\antigravity\scratch\1. PROJETOS\roteiroelismar\outputs\checkpoint-emprestimo-iphone-20260826-061231\project\relatorio-gestor.html","4266","16/07/2026 16:59:27"
"C:\Users\filip\.gemini\antigravity\scratch\1. PROJETOS\roteiroelismar\outputs\checkpoint-emprestimo-iphone-20260826-061231\project\RUNBOOK_PROXIMAS_ETAPAS_FIREBASE_20260823.md","6191","23/08/2026 03:37:54"
"C:\Users\filip\.gemini\antigravity\scratch\1. PROJETOS\roteiroelismar\outputs\checkpoint-emprestimo-iphone-20260826-061231\project\server.ts","1018","16/07/2026 15:27:49"
"C:\Users\filip\.gemini\antigravity\scratch\1. PROJETOS\roteiroelismar\outputs\checkpoint-emprestimo-iphone-20260826-061231\project\tsconfig.json","708","09/08/2026 20:41:37"
"C:\Users\filip\.gemini\antigravity\scratch\1. PROJETOS\roteiroelismar\outputs\checkpoint-emprestimo-iphone-20260826-061231\project\vite.config.ts","1442","02/07/2026 21:58:56"
"C:\Users\filip\.gemini\antigravity\scratch\1. PROJETOS\roteiroelismar\outputs\checkpoint-emprestimo-iphone-20260826-061231\project\.agents\AGENTS.md","333","16/07/2026 16:10:28"
"C:\Users\filip\.gemini\antigravity\scratch\1. PROJETOS\roteiroelismar\outputs\checkpoint-emprestimo-iphone-20260826-061231\project\.agents\skills\assinatura-rodape\SKILL.md","7183","17/06/2026 15:10:12"
"C:\Users\filip\.gemini\antigravity\scratch\1. PROJETOS\roteiroelismar\outputs\checkpoint-emprestimo-iphone-20260826-061231\project\.agents\skills\botao-buscar-atualizacoes\SKILL.md","8387","07/07/2026 17:57:37"
"C:\Users\filip\.gemini\antigravity\scratch\1. PROJETOS\roteiroelismar\outputs\checkpoint-emprestimo-iphone-20260826-061231\project\.agents\skills\bugfix-troubleshooter\SKILL.md","1316","18/06/2026 14:23:05"
"C:\Users\filip\.gemini\antigravity\scratch\1. PROJETOS\roteiroelismar\outputs\checkpoint-emprestimo-iphone-20260826-061231\project\.agents\skills\check-list\SKILL.md","13975","29/07/2026 07:38:20"
"C:\Users\filip\.gemini\antigravity\scratch\1. PROJETOS\roteiroelismar\outputs\checkpoint-emprestimo-iphone-20260826-061231\project\.agents\skills\corrigir-semantica\SKILL.md","14280","25/07/2026 10:35:01"
"C:\Users\filip\.gemini\antigravity\scratch\1. PROJETOS\roteiroelismar\outputs\checkpoint-emprestimo-iphone-20260826-061231\project\.agents\skills\firebase-cost-security-audito\SKILL.md","17736","25/07/2026 10:30:19"
"C:\Users\filip\.gemini\antigravity\scratch\1. PROJETOS\roteiroelismar\outputs\checkpoint-emprestimo-iphone-20260826-061231\project\.agents\skills\firebase-deployment-guardian\SKILL.md","10114","28/06/2026 11:35:01"
"C:\Users\filip\.gemini\antigravity\scratch\1. PROJETOS\roteiroelismar\outputs\checkpoint-emprestimo-iphone-20260826-061231\project\.agents\skills\firebase-integrator\SKILL.md","1660","18/06/2026 14:16:54"
"C:\Users\filip\.gemini\antigravity\scratch\1. PROJETOS\roteiroelismar\outputs\checkpoint-emprestimo-iphone-20260826-061231\project\.agents\skills\frontend-editor\SKILL.md","1166","22/06/2026 12:48:59"
"C:\Users\filip\.gemini\antigravity\scratch\1. PROJETOS\roteiroelismar\outputs\checkpoint-emprestimo-iphone-20260826-061231\project\.agents\skills\GLOBAL-ICON-GUARDIAN\SKILL.md","7283","22/06/2026 12:48:58"
"C:\Users\filip\.gemini\antigravity\scratch\1. PROJETOS\roteiroelismar\outputs\checkpoint-emprestimo-iphone-20260826-061231\project\.agents\skills\master-development-archit\SKILL.md","6259","31/07/2026 09:56:23"
"C:\Users\filip\.gemini\antigravity\scratch\1. PROJETOS\roteiroelismar\outputs\checkpoint-emprestimo-iphone-20260826-061231\project\.agents\skills\master-engineer\SKILL.md","1781","18/06/2026 14:19:41"
"C:\Users\filip\.gemini\antigravity\scratch\1. PROJETOS\roteiroelismar\outputs\checkpoint-emprestimo-iphone-20260826-061231\project\.agents\skills\production-guard\SKILL.md","1071","18/06/2026 14:24:22"
"C:\Users\filip\.gemini\antigravity\scratch\1. PROJETOS\roteiroelismar\outputs\checkpoint-emprestimo-iphone-20260826-061231\project\.agents\skills\pwa-architect\SKILL.md","1531","16/06/2026 23:06:34"
"C:\Users\filip\.gemini\antigravity\scratch\1. PROJETOS\roteiroelismar\outputs\checkpoint-emprestimo-iphone-20260826-061231\project\.agents\skills\registro_historico\SKILL.md","3021","22/06/2026 12:58:04"
"C:\Users\filip\.gemini\antigravity\scratch\1. PROJETOS\roteiroelismar\outputs\checkpoint-emprestimo-iphone-20260826-061231\project\.agents\skills\smart-form-masks\SKILL.md","24533","31/07/2026 14:16:17"
"C:\Users\filip\.gemini\antigravity\scratch\1. PROJETOS\roteiroelismar\outputs\checkpoint-emprestimo-iphone-20260826-061231\project\.agents\skills\UX-PWA-GUARDIAN\SKILL.md","7020","20/06/2026 06:11:23"
"C:\Users\filip\.gemini\antigravity\scratch\1. PROJETOS\roteiroelismar\outputs\checkpoint-emprestimo-iphone-20260826-061231\project\.agents\skills\vercel-deployer\SKILL.md","1335","22/06/2026 12:49:20"
"C:\Users\filip\.gemini\antigravity\scratch\1. PROJETOS\roteiroelismar\outputs\checkpoint-emprestimo-iphone-20260826-061231\project\.agents\skills\versiculo-do-dia\banner.css","86","18/06/2026 11:06:59"
"C:\Users\filip\.gemini\antigravity\scratch\1. PROJETOS\roteiroelismar\outputs\checkpoint-emprestimo-iphone-20260826-061231\project\.agents\skills\versiculo-do-dia\banner.html","283","18/06/2026 11:06:39"
"C:\Users\filip\.gemini\antigravity\scratch\1. PROJETOS\roteiroelismar\outputs\checkpoint-emprestimo-iphone-20260826-061231\project\.agents\skills\versiculo-do-dia\banner.js","1461","28/06/2026 07:42:05"
"C:\Users\filip\.gemini\antigravity\scratch\1. PROJETOS\roteiroelismar\outputs\checkpoint-emprestimo-iphone-20260826-061231\project\.agents\skills\versiculo-do-dia\README.md","232","18/06/2026 11:05:38"
"C:\Users\filip\.gemini\antigravity\scratch\1. PROJETOS\roteiroelismar\outputs\checkpoint-emprestimo-iphone-20260826-061231\project\.agents\skills\versiculo-do-dia\SKILL.md","1029","28/06/2026 07:42:03"
"C:\Users\filip\.gemini\antigravity\scratch\1. PROJETOS\roteiroelismar\outputs\checkpoint-emprestimo-iphone-20260826-061231\project\.agents\skills\versiculo-do-dia\versiculo-do-dia.css","1929","24/06/2026 14:44:16"
"C:\Users\filip\.gemini\antigravity\scratch\1. PROJETOS\roteiroelismar\outputs\checkpoint-emprestimo-iphone-20260826-061231\project\.agents\skills\versiculo-do-dia\versiculos.json","201","18/06/2026 11:06:06"
"C:\Users\filip\.gemini\antigravity\scratch\1. PROJETOS\roteiroelismar\outputs\checkpoint-emprestimo-iphone-20260826-061231\project\assets\.aistudio\.gitignore","2","02/07/2026 12:52:58"
"C:\Users\filip\.gemini\antigravity\scratch\1. PROJETOS\roteiroelismar\outputs\checkpoint-emprestimo-iphone-20260826-061231\project\cloud google\services_roteiroelismar_version-1_compiled_build_artifacts.tar.gz","85542916","02/08/2026 13:40:52"
"C:\Users\filip\.gemini\antigravity\scratch\1. PROJETOS\roteiroelismar\outputs\checkpoint-emprestimo-iphone-20260826-061231\project\cloud google\services_roteiroelismar_version-2_compiled_build_artifacts.tar.gz","85543018","02/08/2026 13:40:30"
"C:\Users\filip\.gemini\antigravity\scratch\1. PROJETOS\roteiroelismar\outputs\checkpoint-emprestimo-iphone-20260826-061231\project\cloud google\services_roteiroelismar_version-1_compiled_build_artifacts\.env.example","445","02/07/2026 06:08:05"
"C:\Users\filip\.gemini\antigravity\scratch\1. PROJETOS\roteiroelismar\outputs\checkpoint-emprestimo-iphone-20260826-061231\project\cloud google\services_roteiroelismar_version-1_compiled_build_artifacts\.gitignore","73","02/07/2026 06:08:05"
"C:\Users\filip\.gemini\antigravity\scratch\1. PROJETOS\roteiroelismar\outputs\checkpoint-emprestimo-iphone-20260826-061231\project\cloud google\services_roteiroelismar_version-1_compiled_build_artifacts\firestore.rules","314","02/07/2026 08:47:46"
"C:\Users\filip\.gemini\antigravity\scratch\1. PROJETOS\roteiroelismar\outputs\checkpoint-emprestimo-iphone-20260826-061231\project\cloud google\services_roteiroelismar_version-1_compiled_build_artifacts\index.html","302","02/07/2026 08:27:10"
"C:\Users\filip\.gemini\antigravity\scratch\1. PROJETOS\roteiroelismar\outputs\checkpoint-emprestimo-iphone-20260826-061231\project\cloud google\services_roteiroelismar_version-1_compiled_build_artifacts\metadata.json","310","02/07/2026 08:26:32"
"C:\Users\filip\.gemini\antigravity\scratch\1. PROJETOS\roteiroelismar\outputs\checkpoint-emprestimo-iphone-20260826-061231\project\cloud google\services_roteiroelismar_version-1_compiled_build_artifacts\package-lock.json","183370","02/07/2026 09:11:00"
"C:\Users\filip\.gemini\antigravity\scratch\1. PROJETOS\roteiroelismar\outputs\checkpoint-emprestimo-iphone-20260826-061231\project\cloud google\services_roteiroelismar_version-1_compiled_build_artifacts\package.json","968","02/07/2026 09:18:15"
"C:\Users\filip\.gemini\antigravity\scratch\1. PROJETOS\roteiroelismar\outputs\checkpoint-emprestimo-iphone-20260826-061231\project\cloud google\services_roteiroelismar_version-1_compiled_build_artifacts\server.ts","5154","02/07/2026 08:32:27"
"C:\Users\filip\.gemini\antigravity\scratch\1. PROJETOS\roteiroelismar\outputs\checkpoint-emprestimo-iphone-20260826-061231\project\cloud google\services_roteiroelismar_version-1_compiled_build_artifacts\tsconfig.json","508","02/07/2026 06:08:05"
"C:\Users\filip\.gemini\antigravity\scratch\1. PROJETOS\roteiroelismar\outputs\checkpoint-emprestimo-iphone-20260826-061231\project\cloud google\services_roteiroelismar_version-1_compiled_build_artifacts\vite.config.ts","708","02/07/2026 06:08:05"
"C:\Users\filip\.gemini\antigravity\scratch\1. PROJETOS\roteiroelismar\outputs\checkpoint-emprestimo-iphone-20260826-061231\project\cloud google\services_roteiroelismar_version-1_compiled_build_artifacts\assets\.aistudio\.gitignore","2","02/07/2026 06:08:05"
"C:\Users\filip\.gemini\antigravity\scratch\1. PROJETOS\roteiroelismar\outputs\checkpoint-emprestimo-iphone-20260826-061231\project\cloud google\services_roteiroelismar_version-1_compiled_build_artifacts\src\App.tsx","30275","02/07/2026 09:03:23"
"C:\Users\filip\.gemini\antigravity\scratch\1. PROJETOS\roteiroelismar\outputs\checkpoint-emprestimo-iphone-20260826-061231\project\cloud google\services_roteiroelismar_version-1_compiled_build_artifacts\src\index.css","23","02/07/2026 06:08:05"
"C:\Users\filip\.gemini\antigravity\scratch\1. PROJETOS\roteiroelismar\outputs\checkpoint-emprestimo-iphone-20260826-061231\project\cloud google\services_roteiroelismar_version-1_compiled_build_artifacts\src\main.tsx","231","02/07/2026 06:08:05"
"C:\Users\filip\.gemini\antigravity\scratch\1. PROJETOS\roteiroelismar\outputs\checkpoint-emprestimo-iphone-20260826-061231\project\cloud google\services_roteiroelismar_version-1_compiled_build_artifacts\src\types.ts","1800","02/07/2026 08:11:23"
"C:\Users\filip\.gemini\antigravity\scratch\1. PROJETOS\roteiroelismar\outputs\checkpoint-emprestimo-iphone-20260826-061231\project\cloud google\services_roteiroelismar_version-1_compiled_build_artifacts\src\utils.ts","3521","02/07/2026 08:59:43"
"C:\Users\filip\.gemini\antigravity\scratch\1. PROJETOS\roteiroelismar\outputs\checkpoint-emprestimo-iphone-20260826-061231\project\cloud google\services_roteiroelismar_version-1_compiled_build_artifacts\src\components\AppSignature.tsx","713","02/07/2026 09:10:40"
"C:\Users\filip\.gemini\antigravity\scratch\1. PROJETOS\roteiroelismar\outputs\checkpoint-emprestimo-iphone-20260826-061231\project\cloud google\services_roteiroelismar_version-1_compiled_build_artifacts\src\components\BottomNavBar.tsx","5507","02/07/2026 09:10:36"
"C:\Users\filip\.gemini\antigravity\scratch\1. PROJETOS\roteiroelismar\outputs\checkpoint-emprestimo-iphone-20260826-061231\project\cloud google\services_roteiroelismar_version-1_compiled_build_artifacts\src\components\ClientManagement.tsx","43379","02/07/2026 08:03:08"
"C:\Users\filip\.gemini\antigravity\scratch\1. PROJETOS\roteiroelismar\outputs\checkpoint-emprestimo-iphone-20260826-061231\project\cloud google\services_roteiroelismar_version-1_compiled_build_artifacts\src\components\Dashboard.tsx","44155","02/07/2026 09:08:05"
"C:\Users\filip\.gemini\antigravity\scratch\1. PROJETOS\roteiroelismar\outputs\checkpoint-emprestimo-iphone-20260826-061231\project\cloud google\services_roteiroelismar_version-1_compiled_build_artifacts\src\components\Login.tsx","10226","02/07/2026 08:43:09"
"C:\Users\filip\.gemini\antigravity\scratch\1. PROJETOS\roteiroelismar\outputs\checkpoint-emprestimo-iphone-20260826-061231\project\cloud google\services_roteiroelismar_version-1_compiled_build_artifacts\src\components\RoutePlanner.tsx","48115","02/07/2026 08:39:17"
"C:\Users\filip\.gemini\antigravity\scratch\1. PROJETOS\roteiroelismar\outputs\checkpoint-emprestimo-iphone-20260826-061231\project\cloud google\services_roteiroelismar_version-1_compiled_build_artifacts\src\components\Settings.tsx","27535","02/07/2026 08:53:13"
"C:\Users\filip\.gemini\antigravity\scratch\1. PROJETOS\roteiroelismar\outputs\checkpoint-emprestimo-iphone-20260826-061231\project\cloud google\services_roteiroelismar_version-1_compiled_build_artifacts\src\components\VoiceNotesModal.tsx","23342","02/07/2026 08:27:04"
"C:\Users\filip\.gemini\antigravity\scratch\1. PROJETOS\roteiroelismar\outputs\checkpoint-emprestimo-iphone-20260826-061231\project\cloud google\services_roteiroelismar_version-1_compiled_build_artifacts\src\data\initialData.ts","22801","02/07/2026 08:22:22"
"C:\Users\filip\.gemini\antigravity\scratch\1. PROJETOS\roteiroelismar\outputs\checkpoint-emprestimo-iphone-20260826-061231\project\cloud google\services_roteiroelismar_version-1_compiled_build_artifacts\src\lib\firebase.ts","965","02/07/2026 08:42:38"
"C:\Users\filip\.gemini\antigravity\scratch\1. PROJETOS\roteiroelismar\outputs\checkpoint-emprestimo-iphone-20260826-061231\project\cloud google\services_roteiroelismar_version-1_compiled_build_artifacts\src\lib\firebaseSync.ts","5245","02/07/2026 08:47:37"
"C:\Users\filip\.gemini\antigravity\scratch\1. PROJETOS\roteiroelismar\outputs\checkpoint-emprestimo-iphone-20260826-061231\project\cloud google\services_roteiroelismar_version-2_compiled_build_artifacts\.env.example","445","02/07/2026 06:08:05"
"C:\Users\filip\.gemini\antigravity\scratch\1. PROJETOS\roteiroelismar\outputs\checkpoint-emprestimo-iphone-20260826-061231\project\cloud google\services_roteiroelismar_version-2_compiled_build_artifacts\.firebaserc","56","02/07/2026 09:23:34"
"C:\Users\filip\.gemini\antigravity\scratch\1. PROJETOS\roteiroelismar\outputs\checkpoint-emprestimo-iphone-20260826-061231\project\cloud google\services_roteiroelismar_version-2_compiled_build_artifacts\.gitignore","73","02/07/2026 06:08:05"
"C:\Users\filip\.gemini\antigravity\scratch\1. PROJETOS\roteiroelismar\outputs\checkpoint-emprestimo-iphone-20260826-061231\project\cloud google\services_roteiroelismar_version-2_compiled_build_artifacts\firebase.json","264","02/07/2026 09:23:58"
"C:\Users\filip\.gemini\antigravity\scratch\1. PROJETOS\roteiroelismar\outputs\checkpoint-emprestimo-iphone-20260826-061231\project\cloud google\services_roteiroelismar_version-2_compiled_build_artifacts\firestore.rules","314","02/07/2026 08:47:46"
"C:\Users\filip\.gemini\antigravity\scratch\1. PROJETOS\roteiroelismar\outputs\checkpoint-emprestimo-iphone-20260826-061231\project\cloud google\services_roteiroelismar_version-2_compiled_build_artifacts\index.html","302","02/07/2026 08:27:10"
"C:\Users\filip\.gemini\antigravity\scratch\1. PROJETOS\roteiroelismar\outputs\checkpoint-emprestimo-iphone-20260826-061231\project\cloud google\services_roteiroelismar_version-2_compiled_build_artifacts\metadata.json","310","02/07/2026 08:26:32"
"C:\Users\filip\.gemini\antigravity\scratch\1. PROJETOS\roteiroelismar\outputs\checkpoint-emprestimo-iphone-20260826-061231\project\cloud google\services_roteiroelismar_version-2_compiled_build_artifacts\package-lock.json","183370","02/07/2026 09:24:26"
"C:\Users\filip\.gemini\antigravity\scratch\1. PROJETOS\roteiroelismar\outputs\checkpoint-emprestimo-iphone-20260826-061231\project\cloud google\services_roteiroelismar_version-2_compiled_build_artifacts\package.json","968","02/07/2026 09:25:45"
"C:\Users\filip\.gemini\antigravity\scratch\1. PROJETOS\roteiroelismar\outputs\checkpoint-emprestimo-iphone-20260826-061231\project\cloud google\services_roteiroelismar_version-2_compiled_build_artifacts\server.ts","5154","02/07/2026 08:32:27"
"C:\Users\filip\.gemini\antigravity\scratch\1. PROJETOS\roteiroelismar\outputs\checkpoint-emprestimo-iphone-20260826-061231\project\cloud google\services_roteiroelismar_version-2_compiled_build_artifacts\tsconfig.json","508","02/07/2026 06:08:05"
"C:\Users\filip\.gemini\antigravity\scratch\1. PROJETOS\roteiroelismar\outputs\checkpoint-emprestimo-iphone-20260826-061231\project\cloud google\services_roteiroelismar_version-2_compiled_build_artifacts\vite.config.ts","708","02/07/2026 06:08:05"
"C:\Users\filip\.gemini\antigravity\scratch\1. PROJETOS\roteiroelismar\outputs\checkpoint-emprestimo-iphone-20260826-061231\project\cloud google\services_roteiroelismar_version-2_compiled_build_artifacts\assets\.aistudio\.gitignore","2","02/07/2026 06:08:05"
"C:\Users\filip\.gemini\antigravity\scratch\1. PROJETOS\roteiroelismar\outputs\checkpoint-emprestimo-iphone-20260826-061231\project\cloud google\services_roteiroelismar_version-2_compiled_build_artifacts\src\App.tsx","30275","02/07/2026 09:03:23"
"C:\Users\filip\.gemini\antigravity\scratch\1. PROJETOS\roteiroelismar\outputs\checkpoint-emprestimo-iphone-20260826-061231\project\cloud google\services_roteiroelismar_version-2_compiled_build_artifacts\src\index.css","23","02/07/2026 06:08:05"
"C:\Users\filip\.gemini\antigravity\scratch\1. PROJETOS\roteiroelismar\outputs\checkpoint-emprestimo-iphone-20260826-061231\project\cloud google\services_roteiroelismar_version-2_compiled_build_artifacts\src\main.tsx","231","02/07/2026 06:08:05"
"C:\Users\filip\.gemini\antigravity\scratch\1. PROJETOS\roteiroelismar\outputs\checkpoint-emprestimo-iphone-20260826-061231\project\cloud google\services_roteiroelismar_version-2_compiled_build_artifacts\src\types.ts","1800","02/07/2026 08:11:23"
"C:\Users\filip\.gemini\antigravity\scratch\1. PROJETOS\roteiroelismar\outputs\checkpoint-emprestimo-iphone-20260826-061231\project\cloud google\services_roteiroelismar_version-2_compiled_build_artifacts\src\utils.ts","3521","02/07/2026 08:59:43"
"C:\Users\filip\.gemini\antigravity\scratch\1. PROJETOS\roteiroelismar\outputs\checkpoint-emprestimo-iphone-20260826-061231\project\cloud google\services_roteiroelismar_version-2_compiled_build_artifacts\src\components\AppSignature.tsx","713","02/07/2026 09:10:40"
"C:\Users\filip\.gemini\antigravity\scratch\1. PROJETOS\roteiroelismar\outputs\checkpoint-emprestimo-iphone-20260826-061231\project\cloud google\services_roteiroelismar_version-2_compiled_build_artifacts\src\components\BottomNavBar.tsx","5507","02/07/2026 09:10:36"
"C:\Users\filip\.gemini\antigravity\scratch\1. PROJETOS\roteiroelismar\outputs\checkpoint-emprestimo-iphone-20260826-061231\project\cloud google\services_roteiroelismar_version-2_compiled_build_artifacts\src\components\ClientManagement.tsx","43379","02/07/2026 08:03:08"
"C:\Users\filip\.gemini\antigravity\scratch\1. PROJETOS\roteiroelismar\outputs\checkpoint-emprestimo-iphone-20260826-061231\project\cloud google\services_roteiroelismar_version-2_compiled_build_artifacts\src\components\Dashboard.tsx","44155","02/07/2026 09:08:05"
"C:\Users\filip\.gemini\antigravity\scratch\1. PROJETOS\roteiroelismar\outputs\checkpoint-emprestimo-iphone-20260826-061231\project\cloud google\services_roteiroelismar_version-2_compiled_build_artifacts\src\components\Login.tsx","10226","02/07/2026 08:43:09"
"C:\Users\filip\.gemini\antigravity\scratch\1. PROJETOS\roteiroelismar\outputs\checkpoint-emprestimo-iphone-20260826-061231\project\cloud google\services_roteiroelismar_version-2_compiled_build_artifacts\src\components\RoutePlanner.tsx","48115","02/07/2026 08:39:17"
"C:\Users\filip\.gemini\antigravity\scratch\1. PROJETOS\roteiroelismar\outputs\checkpoint-emprestimo-iphone-20260826-061231\project\cloud google\services_roteiroelismar_version-2_compiled_build_artifacts\src\components\Settings.tsx","27535","02/07/2026 08:53:13"
"C:\Users\filip\.gemini\antigravity\scratch\1. PROJETOS\roteiroelismar\outputs\checkpoint-emprestimo-iphone-20260826-061231\project\cloud google\services_roteiroelismar_version-2_compiled_build_artifacts\src\components\VoiceNotesModal.tsx","23342","02/07/2026 08:27:04"
"C:\Users\filip\.gemini\antigravity\scratch\1. PROJETOS\roteiroelismar\outputs\checkpoint-emprestimo-iphone-20260826-061231\project\cloud google\services_roteiroelismar_version-2_compiled_build_artifacts\src\data\initialData.ts","22801","02/07/2026 08:22:22"
"C:\Users\filip\.gemini\antigravity\scratch\1. PROJETOS\roteiroelismar\outputs\checkpoint-emprestimo-iphone-20260826-061231\project\cloud google\services_roteiroelismar_version-2_compiled_build_artifacts\src\lib\firebase.ts","965","02/07/2026 08:42:38"
"C:\Users\filip\.gemini\antigravity\scratch\1. PROJETOS\roteiroelismar\outputs\checkpoint-emprestimo-iphone-20260826-061231\project\cloud google\services_roteiroelismar_version-2_compiled_build_artifacts\src\lib\firebaseSync.ts","5245","02/07/2026 08:47:37"
"C:\Users\filip\.gemini\antigravity\scratch\1. PROJETOS\roteiroelismar\outputs\checkpoint-emprestimo-iphone-20260826-061231\project\historico\projeto-resumo(roteiroelismar+2026-08-02+08-24).txt","2462","02/08/2026 08:24:32"
"C:\Users\filip\.gemini\antigravity\scratch\1. PROJETOS\roteiroelismar\outputs\checkpoint-emprestimo-iphone-20260826-061231\project\historico\projeto-resumo(roteiroelismar+2026-08-24+11-59).txt","2882","24/08/2026 12:00:12"
"C:\Users\filip\.gemini\antigravity\scratch\1. PROJETOS\roteiroelismar\outputs\checkpoint-emprestimo-iphone-20260826-061231\project\historico\README(roteiroelismar+2026-08-02+08-24).md","3313","02/08/2026 08:24:35"
"C:\Users\filip\.gemini\antigravity\scratch\1. PROJETOS\roteiroelismar\outputs\checkpoint-emprestimo-iphone-20260826-061231\project\historico\README(roteiroelismar+2026-08-24+11-59).md","7720","24/08/2026 12:00:11"
"C:\Users\filip\.gemini\antigravity\scratch\1. PROJETOS\roteiroelismar\outputs\checkpoint-emprestimo-iphone-20260826-061231\project\public\apple-touch-icon.png","663147","07/08/2026 03:03:20"
"C:\Users\filip\.gemini\antigravity\scratch\1. PROJETOS\roteiroelismar\outputs\checkpoint-emprestimo-iphone-20260826-061231\project\public\clientes_roteiroelismar_aplicativo.xlsx","72892","20/07/2026 16:30:55"
"C:\Users\filip\.gemini\antigravity\scratch\1. PROJETOS\roteiroelismar\outputs\checkpoint-emprestimo-iphone-20260826-061231\project\public\favicon.png","663147","07/08/2026 03:03:20"
"C:\Users\filip\.gemini\antigravity\scratch\1. PROJETOS\roteiroelismar\outputs\checkpoint-emprestimo-iphone-20260826-061231\project\public\icon-192.png","663147","07/08/2026 03:03:20"
"C:\Users\filip\.gemini\antigravity\scratch\1. PROJETOS\roteiroelismar\outputs\checkpoint-emprestimo-iphone-20260826-061231\project\public\icon-512.png","663147","07/08/2026 03:03:20"
"C:\Users\filip\.gemini\antigravity\scratch\1. PROJETOS\roteiroelismar\outputs\checkpoint-emprestimo-iphone-20260826-061231\project\public\manifest.json","816","08/07/2026 07:30:32"
"C:\Users\filip\.gemini\antigravity\scratch\1. PROJETOS\roteiroelismar\outputs\checkpoint-emprestimo-iphone-20260826-061231\project\public\sw.js","2517","10/08/2026 13:23:53"
"C:\Users\filip\.gemini\antigravity\scratch\1. PROJETOS\roteiroelismar\outputs\checkpoint-emprestimo-iphone-20260826-061231\project\src\App.tsx","52217","23/08/2026 06:38:15"
"C:\Users\filip\.gemini\antigravity\scratch\1. PROJETOS\roteiroelismar\outputs\checkpoint-emprestimo-iphone-20260826-061231\project\src\index.css","5268","09/08/2026 20:27:46"
"C:\Users\filip\.gemini\antigravity\scratch\1. PROJETOS\roteiroelismar\outputs\checkpoint-emprestimo-iphone-20260826-061231\project\src\main.tsx","574","02/07/2026 10:41:51"
"C:\Users\filip\.gemini\antigravity\scratch\1. PROJETOS\roteiroelismar\outputs\checkpoint-emprestimo-iphone-20260826-061231\project\src\types.ts","3179","23/08/2026 06:59:52"
"C:\Users\filip\.gemini\antigravity\scratch\1. PROJETOS\roteiroelismar\outputs\checkpoint-emprestimo-iphone-20260826-061231\project\src\utils.ts","3866","16/07/2026 16:23:00"
"C:\Users\filip\.gemini\antigravity\scratch\1. PROJETOS\roteiroelismar\outputs\checkpoint-emprestimo-iphone-20260826-061231\project\src\components\AppSignature.tsx","713","02/07/2026 12:52:58"
"C:\Users\filip\.gemini\antigravity\scratch\1. PROJETOS\roteiroelismar\outputs\checkpoint-emprestimo-iphone-20260826-061231\project\src\components\BackupRestore.tsx","18413","08/07/2026 14:08:09"
"C:\Users\filip\.gemini\antigravity\scratch\1. PROJETOS\roteiroelismar\outputs\checkpoint-emprestimo-iphone-20260826-061231\project\src\components\BottomNavBar.tsx","5586","09/08/2026 20:27:45"
"C:\Users\filip\.gemini\antigravity\scratch\1. PROJETOS\roteiroelismar\outputs\checkpoint-emprestimo-iphone-20260826-061231\project\src\components\ClientManagement.tsx","109627","22/08/2026 15:22:44"
"C:\Users\filip\.gemini\antigravity\scratch\1. PROJETOS\roteiroelismar\outputs\checkpoint-emprestimo-iphone-20260826-061231\project\src\components\Dashboard.tsx","50566","09/08/2026 22:38:12"
"C:\Users\filip\.gemini\antigravity\scratch\1. PROJETOS\roteiroelismar\outputs\checkpoint-emprestimo-iphone-20260826-061231\project\src\components\EventModal.tsx","19751","09/08/2026 21:28:40"
"C:\Users\filip\.gemini\antigravity\scratch\1. PROJETOS\roteiroelismar\outputs\checkpoint-emprestimo-iphone-20260826-061231\project\src\components\EventsManagerModal.tsx","18384","07/07/2026 12:49:27"
"C:\Users\filip\.gemini\antigravity\scratch\1. PROJETOS\roteiroelismar\outputs\checkpoint-emprestimo-iphone-20260826-061231\project\src\components\Login.tsx","9606","13/07/2026 18:02:01"
"C:\Users\filip\.gemini\antigravity\scratch\1. PROJETOS\roteiroelismar\outputs\checkpoint-emprestimo-iphone-20260826-061231\project\src\components\Settings.tsx","40031","23/08/2026 02:31:36"
"C:\Users\filip\.gemini\antigravity\scratch\1. PROJETOS\roteiroelismar\outputs\checkpoint-emprestimo-iphone-20260826-061231\project\src\components\VersiculoBanner.css","1420","02/07/2026 10:39:09"
"C:\Users\filip\.gemini\antigravity\scratch\1. PROJETOS\roteiroelismar\outputs\checkpoint-emprestimo-iphone-20260826-061231\project\src\components\VersiculoBanner.tsx","2473","02/07/2026 10:18:43"
"C:\Users\filip\.gemini\antigravity\scratch\1. PROJETOS\roteiroelismar\outputs\checkpoint-emprestimo-iphone-20260826-061231\project\src\components\VoiceNotesModal.tsx","24312","16/07/2026 16:24:47"
"C:\Users\filip\.gemini\antigravity\scratch\1. PROJETOS\roteiroelismar\outputs\checkpoint-emprestimo-iphone-20260826-061231\project\src\data\initialData.ts","22778","07/07/2026 13:24:23"
"C:\Users\filip\.gemini\antigravity\scratch\1. PROJETOS\roteiroelismar\outputs\checkpoint-emprestimo-iphone-20260826-061231\project\src\data\versiculos.ts","1098","02/07/2026 10:18:38"
"C:\Users\filip\.gemini\antigravity\scratch\1. PROJETOS\roteiroelismar\outputs\checkpoint-emprestimo-iphone-20260826-061231\project\src\lib\backupRestore.ts","11557","23/08/2026 02:36:21"
"C:\Users\filip\.gemini\antigravity\scratch\1. PROJETOS\roteiroelismar\outputs\checkpoint-emprestimo-iphone-20260826-061231\project\src\lib\excelService.ts","8435","20/07/2026 14:57:58"
"C:\Users\filip\.gemini\antigravity\scratch\1. PROJETOS\roteiroelismar\outputs\checkpoint-emprestimo-iphone-20260826-061231\project\src\lib\firebase.ts","1588","09/08/2026 21:58:32"
"C:\Users\filip\.gemini\antigravity\scratch\1. PROJETOS\roteiroelismar\outputs\checkpoint-emprestimo-iphone-20260826-061231\project\src\lib\firebaseSync.ts","23995","23/08/2026 05:25:21"
"C:\Users\filip\.gemini\antigravity\scratch\1. PROJETOS\roteiroelismar\outputs\checkpoint-emprestimo-iphone-20260826-061231\project\src\lib\productLoans.ts","2867","23/08/2026 06:59:53"
"C:\Users\filip\.gemini\antigravity\scratch\1. PROJETOS\roteiroelismar\outputs\checkpoint-emprestimo-iphone-20260826-061231\project\src\lib\syncQueue.ts","12663","23/08/2026 06:38:29"
"C:\Users\filip\.gemini\antigravity\scratch\1. PROJETOS\roteiroelismar\outputs\checkpoint-emprestimo-iphone-20260826-061231\project\src\lib\syncRevision.ts","3573","23/08/2026 06:38:14"
"C:\Users\filip\.gemini\antigravity\scratch\1. PROJETOS\roteiroelismar\outputs\checkpoint-emprestimo-iphone-20260826-061231\project\tests\auth-flow.emulator.test.mjs","2134","23/08/2026 02:58:21"
"C:\Users\filip\.gemini\antigravity\scratch\1. PROJETOS\roteiroelismar\outputs\checkpoint-emprestimo-iphone-20260826-061231\project\tests\backup-restore.emulator.test.mjs","2533","23/08/2026 02:07:07"
"C:\Users\filip\.gemini\antigravity\scratch\1. PROJETOS\roteiroelismar\outputs\checkpoint-emprestimo-iphone-20260826-061231\project\tests\backup-schema.test.mjs","1207","22/08/2026 23:08:13"
"C:\Users\filip\.gemini\antigravity\scratch\1. PROJETOS\roteiroelismar\outputs\checkpoint-emprestimo-iphone-20260826-061231\project\tests\bundle-safety.test.mjs","970","23/08/2026 02:58:31"
"C:\Users\filip\.gemini\antigravity\scratch\1. PROJETOS\roteiroelismar\outputs\checkpoint-emprestimo-iphone-20260826-061231\project\tests\firestore.rules.test.mjs","2733","22/08/2026 20:07:12"
"C:\Users\filip\.gemini\antigravity\scratch\1. PROJETOS\roteiroelismar\outputs\checkpoint-emprestimo-iphone-20260826-061231\project\tests\incremental-sync.emulator.test.mjs","4093","23/08/2026 03:08:21"
"C:\Users\filip\.gemini\antigravity\scratch\1. PROJETOS\roteiroelismar\outputs\checkpoint-emprestimo-iphone-20260826-061231\project\tests\pwa-static.test.mjs","1011","23/08/2026 02:58:22"
"C:\Users\filip\.gemini\antigravity\scratch\1. PROJETOS\roteiroelismar\outputs\checkpoint-emprestimo-iphone-20260826-061231\project\tests\sync-queue-revision.test.mjs","2188","23/08/2026 06:59:54"
"C:\Users\filip\.gemini\antigravity\scratch\1. PROJETOS\roteiroelismar\outputs\checkpoint-emprestimo-iphone-20260826-061231\project\tmp\gerar_resumo_melhorias.py","5923","20/07/2026 17:08:20"
"C:\Users\filip\.gemini\antigravity\scratch\1. PROJETOS\roteiroelismar\outputs\checkpoint-emprestimo-iphone-20260826-061231\project\tmp\pdf-render\page-1.png","256877","20/07/2026 17:07:53"
"C:\Users\filip\.gemini\antigravity\scratch\1. PROJETOS\roteiroelismar\outputs\checkpoint-emprestimo-iphone-20260826-061231\project\tmp\pdf-render\page-2.png","142938","20/07/2026 17:07:54"
"C:\Users\filip\.gemini\antigravity\scratch\1. PROJETOS\roteiroelismar\outputs\checkpoint-emprestimo-iphone-20260826-061231\project\tmp\pdf-render\resumido-1.png","171390","20/07/2026 17:10:53"
"C:\Users\filip\.gemini\antigravity\scratch\1. PROJETOS\roteiroelismar\outputs\checkpoint-emprestimo-iphone-20260826-061231\project\tmp\pdf-render\resumido-2.png","96257","20/07/2026 17:10:53"
